method,world_size,num_steps,learning_rate,parameter_dim,shard_size,elapsed_sec_mean,elapsed_sec_std,throughput_samples_per_sec,throughput_steps_per_sec,scaling_efficiency,comm_bytes_per_step,comm_mb_total,final_l2_error_vs_serial
parameter_server,1,5,0.02,40,16,0.5722860333310867,0.016886078563587908,139.79023659610667,8.736889787256667,1.0,960,0.00457763671875,0.0
parameter_server,2,5,0.02,40,16,0.6218557333340868,0.009595550043104795,257.2944035462343,8.040450110819823,0.9202874600235146,1920,0.0091552734375,0.0
parameter_server,4,5,0.02,40,16,0.7402645333349938,0.01401254568942746,432.27790281719416,6.754342231518659,0.7730831446872908,3840,0.018310546875,7.105427357601002e-15
ring_allreduce,1,5,0.02,40,16,0.5640073000007154,0.010266214940122226,141.842135731042,8.865133483190125,1.0,0,0.0,0.0
ring_allreduce,2,5,0.02,40,16,0.5937998666680263,0.005043510358431391,269.4510541031338,8.420345440722931,0.949827259419095,640,0.0030517578125,0.0
ring_allreduce,4,5,0.02,40,16,0.7063943000005869,0.005419677626912648,453.00478783553905,7.078199809930298,0.7984312727328728,1920,0.0091552734375,8.702335715267317e-15
